<?xml version = '1.0' encoding = 'UTF-8'?>
<Entity class="oracle.dbtools.crest.model.design.logical.Entity" directorySegmentName="seg_0" id="293E25D7-D8EE-98AC-37A5-EE6A1F25E8ED" name="address">
<createdBy>KOSA</createdBy>
<createdTime>2022-10-21 05:50:47 UTC</createdTime>
<ownerDesignName>final_project</ownerDesignName>
<engineerTo>
<item key="A8E32A4C-7553-AC68-5FED-4BA56361F254" value="true"/>
</engineerTo>
<adequatelyNormalized>NO</adequatelyNormalized>
<expectedVolumes>0</expectedVolumes>
<fwdEngineeringStrategyName>Single Table</fwdEngineeringStrategyName>
<growthPercent>0</growthPercent>
<growthType>Year</growthType>
<maxVolumes>9999999</maxVolumes>
<minVolumes>0</minVolumes>
<normalForm>Third</normalForm>
</Entity>