<?xml version = '1.0' encoding = 'UTF-8'?>
<Entity class="oracle.dbtools.crest.model.design.logical.Entity" directorySegmentName="seg_0" id="3099A517-39F1-014B-CA2F-D9233D50903A" name="userAdmin">
<createdBy>KOSA</createdBy>
<createdTime>2022-10-21 05:54:44 UTC</createdTime>
<ownerDesignName>final_project</ownerDesignName>
<engineerTo>
<item key="A8E32A4C-7553-AC68-5FED-4BA56361F254" value="true"/>
</engineerTo>
<adequatelyNormalized>NO</adequatelyNormalized>
<expectedVolumes>0</expectedVolumes>
<fwdEngineeringStrategyName>Single Table</fwdEngineeringStrategyName>
<growthPercent>0</growthPercent>
<growthType>Year</growthType>
<maxVolumes>9999999</maxVolumes>
<minVolumes>0</minVolumes>
<normalForm>Third</normalForm>
<attributes itemClass="oracle.dbtools.crest.model.design.logical.Attribute">
<Attribute name="user_id" id="4D0ED357-CCCA-3E89-92CC-CBD8C2D68FC9">
<createdBy>KOSA</createdBy>
<createdTime>2022-10-21 05:55:02 UTC</createdTime>
<ownerDesignName>final_project</ownerDesignName>
<engineerTo>
<item key="A8E32A4C-7553-AC68-5FED-4BA56361F254" value="true"/>
</engineerTo>
<nullsAllowed>true</nullsAllowed>
<use>0</use>
<ownDataTypeParameters>,,</ownDataTypeParameters>
</Attribute>
<Attribute name="admin_id" id="B41E679E-ABD8-9AAB-3BDE-433E7622C2CA">
<createdBy>KOSA</createdBy>
<createdTime>2022-10-21 05:55:40 UTC</createdTime>
<ownerDesignName>final_project</ownerDesignName>
<engineerTo>
<item key="A8E32A4C-7553-AC68-5FED-4BA56361F254" value="true"/>
</engineerTo>
<nullsAllowed>true</nullsAllowed>
<use>0</use>
<ownDataTypeParameters>,,</ownDataTypeParameters>
</Attribute>
</attributes>
</Entity>