<?xml version = '1.0' encoding = 'UTF-8'?>
<Entity class="oracle.dbtools.crest.model.design.logical.Entity" directorySegmentName="seg_0" id="39878722-5667-4839-603C-827D5B5854F2" name="orders">
<createdBy>KOSA</createdBy>
<createdTime>2022-10-14 05:22:50 UTC</createdTime>
<ownerDesignName>final_project</ownerDesignName>
<engineerTo>
<item key="A8E32A4C-7553-AC68-5FED-4BA56361F254" value="true"/>
</engineerTo>
<adequatelyNormalized>NO</adequatelyNormalized>
<expectedVolumes>0</expectedVolumes>
<fwdEngineeringStrategyName>Single Table</fwdEngineeringStrategyName>
<growthPercent>0</growthPercent>
<growthType>Year</growthType>
<maxVolumes>9999999</maxVolumes>
<minVolumes>0</minVolumes>
<normalForm>Third</normalForm>
<attributes itemClass="oracle.dbtools.crest.model.design.logical.Attribute">
<Attribute name="ono" id="75EF9061-C5F2-C3D3-9467-0E51D2340E33">
<createdBy>KOSA</createdBy>
<createdTime>2022-10-14 05:27:14 UTC</createdTime>
<ownerDesignName>final_project</ownerDesignName>
<engineerTo>
<item key="A8E32A4C-7553-AC68-5FED-4BA56361F254" value="true"/>
</engineerTo>
<useDomainConstraints>false</useDomainConstraints>
<use>1</use>
<logicalDatatype>LOGDT019</logicalDatatype>
<dataTypePrecision>30</dataTypePrecision>
<ownDataTypeParameters>,30,</ownDataTypeParameters>
</Attribute>
<Attribute name="odate" id="E2CE0550-FA7D-8A65-68C6-DFCC7B0F7E55">
<createdBy>KOSA</createdBy>
<createdTime>2022-10-14 05:27:19 UTC</createdTime>
<ownerDesignName>final_project</ownerDesignName>
<engineerTo>
<item key="A8E32A4C-7553-AC68-5FED-4BA56361F254" value="true"/>
</engineerTo>
<use>0</use>
<ownDataTypeParameters>,,</ownDataTypeParameters>
</Attribute>
<Attribute name="userid" id="0629E670-2BD8-74ED-1645-80E284BA7495">
<createdBy>KOSA</createdBy>
<createdTime>2022-10-14 05:35:47 UTC</createdTime>
<generatorID>D14205EF-EBFA-A1FC-D8CE-D554B5E8F598</generatorID>
<ownerDesignName>final_project</ownerDesignName>
<engineerTo>
<item key="A8E32A4C-7553-AC68-5FED-4BA56361F254" value="true"/>
</engineerTo>
<referedAttribute>415E6D0F-6E79-280F-AC53-3AFC9EDC8A13</referedAttribute>
<use>0</use>
<ownDataTypeParameters>,,</ownDataTypeParameters>
</Attribute>
</attributes>
<identifiers itemClass="oracle.dbtools.crest.model.design.logical.CandidateKey">
<identifier id="D2ADF2D4-A579-C8BF-0056-19F744FC4C82" name="orders PK">
<createdBy>KOSA</createdBy>
<createdTime>2022-10-14 05:36:16 UTC</createdTime>
<ownerDesignName>final_project</ownerDesignName>
<engineerTo>
<item key="A8E32A4C-7553-AC68-5FED-4BA56361F254" value="true"/>
</engineerTo>
<pk>true</pk>
<usedAttributes>
<attributeRef>75EF9061-C5F2-C3D3-9467-0E51D2340E33</attributeRef>
</usedAttributes>
</identifier>
</identifiers>
</Entity>