<?xml version = '1.0' encoding = 'UTF-8'?>
<Entity class="oracle.dbtools.crest.model.design.logical.Entity" directorySegmentName="seg_0" id="DEAC4E25-BD66-9690-997D-B40168AA2B20" name="product">
<createdBy>KOSA</createdBy>
<createdTime>2022-10-14 05:22:20 UTC</createdTime>
<ownerDesignName>final_project</ownerDesignName>
<engineerTo>
<item key="A8E32A4C-7553-AC68-5FED-4BA56361F254" value="true"/>
</engineerTo>
<adequatelyNormalized>NO</adequatelyNormalized>
<expectedVolumes>0</expectedVolumes>
<fwdEngineeringStrategyName>Single Table</fwdEngineeringStrategyName>
<growthPercent>0</growthPercent>
<growthType>Year</growthType>
<maxVolumes>9999999</maxVolumes>
<minVolumes>0</minVolumes>
<normalForm>Third</normalForm>
<attributes itemClass="oracle.dbtools.crest.model.design.logical.Attribute">
<Attribute name="pno" id="1D89B6DA-FAEF-BB2E-B1A2-E44B7B1987F6">
<createdBy>KOSA</createdBy>
<createdTime>2022-10-14 05:25:35 UTC</createdTime>
<ownerDesignName>final_project</ownerDesignName>
<engineerTo>
<item key="A8E32A4C-7553-AC68-5FED-4BA56361F254" value="true"/>
</engineerTo>
<use>0</use>
<ownDataTypeParameters>,,</ownDataTypeParameters>
</Attribute>
<Attribute name="pname" id="164CF6DF-B263-BD5E-9F1C-48A68CF00CA0">
<createdBy>KOSA</createdBy>
<createdTime>2022-10-14 05:25:55 UTC</createdTime>
<ownerDesignName>final_project</ownerDesignName>
<engineerTo>
<item key="A8E32A4C-7553-AC68-5FED-4BA56361F254" value="true"/>
</engineerTo>
<use>0</use>
<ownDataTypeParameters>,,</ownDataTypeParameters>
</Attribute>
<Attribute name="pprice" id="DF6A9D6D-72F7-9BAB-E457-F5FB4F04FCEA">
<createdBy>KOSA</createdBy>
<createdTime>2022-10-14 05:26:00 UTC</createdTime>
<ownerDesignName>final_project</ownerDesignName>
<engineerTo>
<item key="A8E32A4C-7553-AC68-5FED-4BA56361F254" value="true"/>
</engineerTo>
<use>0</use>
<ownDataTypeParameters>,,</ownDataTypeParameters>
</Attribute>
<Attribute name="pcompany" id="BF7000BB-CA0F-3A2E-25F9-DCF5FF14E2C8">
<createdBy>KOSA</createdBy>
<createdTime>2022-10-14 05:26:10 UTC</createdTime>
<ownerDesignName>final_project</ownerDesignName>
<engineerTo>
<item key="A8E32A4C-7553-AC68-5FED-4BA56361F254" value="true"/>
</engineerTo>
<nullsAllowed>true</nullsAllowed>
<use>0</use>
<ownDataTypeParameters>,,</ownDataTypeParameters>
</Attribute>
<Attribute name="pdate" id="1FC652B2-27B2-9348-D2A6-B48D7A9F2E85">
<createdBy>KOSA</createdBy>
<createdTime>2022-10-21 05:49:18 UTC</createdTime>
<ownerDesignName>final_project</ownerDesignName>
<engineerTo>
<item key="A8E32A4C-7553-AC68-5FED-4BA56361F254" value="true"/>
</engineerTo>
<nullsAllowed>true</nullsAllowed>
<use>0</use>
<ownDataTypeParameters>,,</ownDataTypeParameters>
</Attribute>
<Attribute name="psize" id="E888CD27-E70A-C96D-A425-519FFB68C84E">
<createdBy>KOSA</createdBy>
<createdTime>2022-10-21 05:49:27 UTC</createdTime>
<ownerDesignName>final_project</ownerDesignName>
<engineerTo>
<item key="A8E32A4C-7553-AC68-5FED-4BA56361F254" value="true"/>
</engineerTo>
<nullsAllowed>true</nullsAllowed>
<use>0</use>
<ownDataTypeParameters>,,</ownDataTypeParameters>
</Attribute>
<Attribute name="psaleprice" id="3EC0A336-134B-2F74-609B-011DBFA9AA91">
<createdBy>KOSA</createdBy>
<createdTime>2022-10-21 05:49:36 UTC</createdTime>
<ownerDesignName>final_project</ownerDesignName>
<engineerTo>
<item key="A8E32A4C-7553-AC68-5FED-4BA56361F254" value="true"/>
</engineerTo>
<nullsAllowed>true</nullsAllowed>
<use>0</use>
<ownDataTypeParameters>,,</ownDataTypeParameters>
</Attribute>
<Attribute name="pcolor" id="801458B4-5423-A16E-7A62-7725FC259DD8">
<createdBy>KOSA</createdBy>
<createdTime>2022-10-21 05:50:08 UTC</createdTime>
<ownerDesignName>final_project</ownerDesignName>
<engineerTo>
<item key="A8E32A4C-7553-AC68-5FED-4BA56361F254" value="true"/>
</engineerTo>
<nullsAllowed>true</nullsAllowed>
<use>0</use>
<ownDataTypeParameters>,,</ownDataTypeParameters>
</Attribute>
</attributes>
<identifiers itemClass="oracle.dbtools.crest.model.design.logical.CandidateKey">
<identifier id="F56C5A82-C5DC-2486-422B-EF9E9127F42B" name="product PK">
<createdBy>KOSA</createdBy>
<createdTime>2022-10-14 05:35:58 UTC</createdTime>
<ownerDesignName>final_project</ownerDesignName>
<engineerTo>
<item key="A8E32A4C-7553-AC68-5FED-4BA56361F254" value="true"/>
</engineerTo>
<pk>true</pk>
<usedAttributes>
<attributeRef>1D89B6DA-FAEF-BB2E-B1A2-E44B7B1987F6</attributeRef>
</usedAttributes>
</identifier>
</identifiers>
</Entity>