<?xml version = '1.0' encoding = 'UTF-8'?>
<FKIndexAssociation class="oracle.dbtools.crest.model.design.relational.FKIndexAssociation" directorySegmentName="seg_0" id="3D9565E4-9453-A5AE-C3A7-DD8B60BB2100" containerWithKeyObject="D2888373-FB79-2103-9180-58EDCCD5479D" localFKIndex="8B05BE9F-E34C-5D95-8854-CEA63C139C3A" name="qna_users_FK">
<createdBy>USER</createdBy>
<createdTime>2022-10-24 12:25:58 UTC</createdTime>
<ownerDesignName>final_project</ownerDesignName>
<referredTableLongName>users</referredTableLongName>
<deleteRule>CASCADE</deleteRule>
<referredTableID>392EE606-A90D-B3CC-4E9A-DD3A848D5E21</referredTableID>
<keyObject>6BD4AD61-BD94-2782-E234-79B283DBCA3E</keyObject>
<referredKeyID>6BD4AD61-BD94-2782-E234-79B283DBCA3E</referredKeyID>
<mandatory>true</mandatory>
<refColNames>user_id</refColNames>
<transferable>true</transferable>
<rely>false</rely>
<columnDependencyConstraintGenerateInDDL>true</columnDependencyConstraintGenerateInDDL>
</FKIndexAssociation>