<?xml version = '1.0' encoding = 'UTF-8'?>
<FKIndexAssociation class="oracle.dbtools.crest.model.design.relational.FKIndexAssociation" directorySegmentName="seg_0" id="A7CE5B89-4590-DCCF-A24F-6227140C0D7A" containerWithKeyObject="95D20B10-A3A1-CA28-ADB8-A6BF01FC1672" localFKIndex="F2323B79-1515-5822-BF19-9B71D3170D5C" name="product_size_product_FK">
<createdBy>USER</createdBy>
<createdTime>2022-10-29 16:05:46 UTC</createdTime>
<ownerDesignName>final_project</ownerDesignName>
<referredTableLongName>product</referredTableLongName>
<deleteRule>CASCADE</deleteRule>
<referredTableID>2269027C-AAEB-BD45-A78E-FA8D4204E7C6</referredTableID>
<keyObject>E0DA6AFB-AA2E-6C59-D78D-ED7E4EE664F1</keyObject>
<referredKeyID>E0DA6AFB-AA2E-6C59-D78D-ED7E4EE664F1</referredKeyID>
<mandatory>true</mandatory>
<refColNames>product_id</refColNames>
<transferable>true</transferable>
<rely>false</rely>
<columnDependencyConstraintGenerateInDDL>true</columnDependencyConstraintGenerateInDDL>
</FKIndexAssociation>