<?xml version = '1.0' encoding = 'UTF-8'?>
<Relation class="oracle.dbtools.crest.model.design.logical.Relation" name="Relation_5" directorySegmentName="seg_0" id="2FB9837F-B614-4D7C-8E99-CBF756AEFD26">
<createdBy>KOSA</createdBy>
<createdTime>2022-10-21 06:06:50 UTC</createdTime>
<ownerDesignName>final_project</ownerDesignName>
<engineerTo>
<item key="A8E32A4C-7553-AC68-5FED-4BA56361F254" value="true"/>
</engineerTo>
<sourcePk>D2ADF2D4-A579-C8BF-0056-19F744FC4C82</sourcePk>
<identifying>false</identifying>
<optionalSource>true</optionalSource>
<optionalTarget>false</optionalTarget>
<sourceCardinality>1</sourceCardinality>
<sourceEntity>39878722-5667-4839-603C-827D5B5854F2</sourceEntity>
<targetCardinalityString>*</targetCardinalityString>
<targetEntity>AA50B3C8-D255-F232-3588-CC54BF84DA71</targetEntity>
<transferable>true</transferable>
<deleteRule>NO ACTION</deleteRule>
</Relation>