<?xml version = '1.0' encoding = 'UTF-8'?>
<Table class="oracle.dbtools.crest.model.design.relational.Table" directorySegmentName="seg_0" id="4E533E94-8B7D-9B88-0F1C-CAE1FB68C18D" name="ssize">
<createdBy>USER</createdBy>
<createdTime>2022-10-28 06:22:45 UTC</createdTime>
<ownerDesignName>final_project</ownerDesignName>
<ordsAlias>table_13</ordsAlias>
<allowColumnReorder>false</allowColumnReorder>
<existDependencyGenerateInDDl>true</existDependencyGenerateInDDl>
<parsed>true</parsed>
<columns itemClass="oracle.dbtools.crest.model.design.relational.Column">
<Column name="size_id" id="771A2BF9-8189-1EB6-C73E-6FA5C97D4C52">
<createdBy>USER</createdBy>
<createdTime>2022-10-28 06:23:20 UTC</createdTime>
<ownerDesignName>final_project</ownerDesignName>
<useDomainConstraints>false</useDomainConstraints>
<use>1</use>
<logicalDatatype>LOGDT019</logicalDatatype>
<ownDataTypeParameters>,,</ownDataTypeParameters>
<autoIncrementCycle>false</autoIncrementCycle>
</Column>
<Column name="size_name" id="840CB050-75BA-92D3-18C5-7FEF8DEA9EBE">
<createdBy>USER</createdBy>
<createdTime>2022-10-29 16:59:51 UTC</createdTime>
<ownerDesignName>final_project</ownerDesignName>
<nullsAllowed>true</nullsAllowed>
<useDomainConstraints>false</useDomainConstraints>
<use>1</use>
<logicalDatatype>LOGDT019</logicalDatatype>
<ownDataTypeParameters>,,</ownDataTypeParameters>
<autoIncrementCycle>false</autoIncrementCycle>
</Column>
</columns>
<indexes itemClass="oracle.dbtools.crest.model.design.relational.Index">
<ind_PK_UK id="22F781D7-C158-7EFA-2A8D-7CD8767CD24F" name="size_PK">
<createdBy>USER</createdBy>
<createdTime>2022-10-28 06:23:20 UTC</createdTime>
<ownerDesignName>final_project</ownerDesignName>
<pk>true</pk>
<indexState>Primary Constraint</indexState>
<isSurrogateKey>false</isSurrogateKey>
<indexColumnUsage>
<colUsage columnID="771A2BF9-8189-1EB6-C73E-6FA5C97D4C52"/>
</indexColumnUsage>
</ind_PK_UK>
<ind_PK_UK id="3C15D7E2-1399-C07B-0961-755F2A93C2B3" name="size__UN">
<createdBy>USER</createdBy>
<createdTime>2022-10-28 06:37:12 UTC</createdTime>
<ownerDesignName>final_project</ownerDesignName>
<indexState>Unique Constraint</indexState>
<isSurrogateKey>false</isSurrogateKey>
<indexColumnUsage>
<colUsage columnID="840CB050-75BA-92D3-18C5-7FEF8DEA9EBE"/>
</indexColumnUsage>
</ind_PK_UK>
</indexes>
</Table>