<?xml version = '1.0' encoding = 'UTF-8'?>
<Table class="oracle.dbtools.crest.model.design.relational.Table" directorySegmentName="seg_0" id="53525718-A7D9-CA4A-B837-31491938CFD4" name="color">
<createdBy>USER</createdBy>
<createdTime>2022-10-28 06:19:09 UTC</createdTime>
<ownerDesignName>final_project</ownerDesignName>
<ordsAlias>table_12</ordsAlias>
<allowColumnReorder>false</allowColumnReorder>
<existDependencyGenerateInDDl>true</existDependencyGenerateInDDl>
<parsed>true</parsed>
<columns itemClass="oracle.dbtools.crest.model.design.relational.Column">
<Column name="color_id" id="5DDBF98B-642D-124F-AC30-C5538F3FA4D9">
<createdBy>USER</createdBy>
<createdTime>2022-10-28 06:19:40 UTC</createdTime>
<ownerDesignName>final_project</ownerDesignName>
<useDomainConstraints>false</useDomainConstraints>
<use>1</use>
<logicalDatatype>LOGDT019</logicalDatatype>
<ownDataTypeParameters>,,</ownDataTypeParameters>
<autoIncrementCycle>false</autoIncrementCycle>
</Column>
<Column name="color_name" id="6C8D9796-EEF3-75ED-D9F4-4CF5C4CB49DC">
<createdBy>USER</createdBy>
<createdTime>2022-10-28 06:20:25 UTC</createdTime>
<ownerDesignName>final_project</ownerDesignName>
<useDomainConstraints>false</useDomainConstraints>
<use>1</use>
<logicalDatatype>LOGDT024</logicalDatatype>
<dataTypeSize>9</dataTypeSize>
<ownDataTypeParameters>9,,</ownDataTypeParameters>
<autoIncrementCycle>false</autoIncrementCycle>
</Column>
</columns>
<indexes itemClass="oracle.dbtools.crest.model.design.relational.Index">
<ind_PK_UK id="CE05B14E-BBA6-A890-4814-C8318AA315C9" name="color_PK">
<createdBy>USER</createdBy>
<createdTime>2022-10-28 06:19:40 UTC</createdTime>
<ownerDesignName>final_project</ownerDesignName>
<pk>true</pk>
<indexState>Primary Constraint</indexState>
<isSurrogateKey>false</isSurrogateKey>
<indexColumnUsage>
<colUsage columnID="5DDBF98B-642D-124F-AC30-C5538F3FA4D9"/>
</indexColumnUsage>
</ind_PK_UK>
<ind_PK_UK id="4F92B8AD-B3BE-ED06-03D7-C09AA5655A40" name="color__UN">
<createdBy>USER</createdBy>
<createdTime>2022-10-28 06:37:06 UTC</createdTime>
<ownerDesignName>final_project</ownerDesignName>
<indexState>Unique Constraint</indexState>
<isSurrogateKey>false</isSurrogateKey>
<indexColumnUsage>
<colUsage columnID="6C8D9796-EEF3-75ED-D9F4-4CF5C4CB49DC"/>
</indexColumnUsage>
</ind_PK_UK>
</indexes>
</Table>